${sku},${url},${unit},${order_by}
"10000026",https://www.dohome.co.th/pub/media/catalog/product/1/0/10000026_ea_1200_1.jpg,EA,1
"10000027",https://www.dohome.co.th/pub/media/catalog/product/1/0/10000027_bk_1200_1.jpg,BK,1
"10000027",https://www.dohome.co.th/pub/media/catalog/product/1/0/10000027_bk_1200_1_1.jpg,BK,2
"10000030",https://www.dohome.co.th/pub/media/catalog/product/1/0/10000030_sen_1200_1.jpg,SEN,1
"10000040",https://www.dohome.co.th/pub/media/catalog/product/1/0/10000040_r_1200_1_2.jpg,B,1
"10000041",https://www.dohome.co.th/pub/media/catalog/product/1/0/10000041_b_1200_2.jpg,B,0
"10000041",https://www.dohome.co.th/pub/media/catalog/product/1/0/10000041_b_1200_1.jpg,B,1
"10000041",https://www.dohome.co.th/pub/media/catalog/product/1/0/10000041_b_1200_3.jpg,B,2
"10000080",https://www.dohome.co.th/pub/media/catalog/product/1/0/10000080_sen_1200_1.jpg,SEN,1
"10000080",https://www.dohome.co.th/pub/media/catalog/product/1/0/10000080_sen_1200_2.jpg,SEN,2
"10000084",https://www.dohome.co.th/pub/media/catalog/product/1/0/10000084_sen_1200_1.jpg,SEN,1
"10000084",https://www.dohome.co.th/pub/media/catalog/product/1/0/10000084_sen_1200_2.jpg,SEN,2
"10000087",https://www.dohome.co.th/pub/media/catalog/product/1/0/10000087_sen_1200_1.jpg,SEN,1
"10000087",https://www.dohome.co.th/pub/media/catalog/product/1/0/10000087_sen_1200_2.jpg,SEN,2
"10000090",https://www.dohome.co.th/pub/media/catalog/product/1/0/10000090_sen_1200_1.jpg,SEN,1
"10000090",https://www.dohome.co.th/pub/media/catalog/product/1/0/10000090_sen_1200_2.jpg,SEN,2
"10000220",https://www.dohome.co.th/pub/media/catalog/product/1/0/10000220_tan_1200_1.jpg,SEN,1
"10000220",https://www.dohome.co.th/pub/media/catalog/product/1/0/10000220_tan_1200_2.jpg,SEN,2
"10000222",https://www.dohome.co.th/pub/media/catalog/product/1/0/10000222_sen_1200_1.jpg,SEN,1
"10000223",https://www.dohome.co.th/pub/media/catalog/product/1/0/10000223_sen_1200_1.jpg,SEN,1
"10000225",https://www.dohome.co.th/pub/media/catalog/product/1/0/10000225_sen_1200_1.jpg,SEN,1
"10000226",https://www.dohome.co.th/pub/media/catalog/product/1/0/10000226_sen_1200_1.jpg,SEN,1
"10000231",https://www.dohome.co.th/pub/media/catalog/product/1/0/10000231_sen_1200_1.jpg,SEN,1
"10000232",https://www.dohome.co.th/pub/media/catalog/product/1/0/10000232_sen_1200_1.jpg,SEN,1
"10000233",https://www.dohome.co.th/pub/media/catalog/product/1/0/10000233_sen_1200_1.jpg,SEN,1
"10000238",https://www.dohome.co.th/pub/media/catalog/product/1/0/10000238_tan_1200_1.jpg,SEN,1
"10000238",https://www.dohome.co.th/pub/media/catalog/product/1/0/10000238_tan_1200_2.jpg,SEN,2
"10000238",https://www.dohome.co.th/pub/media/catalog/product/1/0/10000238_tan_1200_3.jpg,SEN,3
"10000239",https://www.dohome.co.th/pub/media/catalog/product/1/0/10000239_sen_1200_1.jpg,SEN,1
"10000241",https://www.dohome.co.th/pub/media/catalog/product/1/0/10000241_sen_1200_1.jpg,SEN,1
"10000242",https://www.dohome.co.th/pub/media/catalog/product/1/0/10000242_sen_1200_1.jpg,SEN,1
"10000244",https://www.dohome.co.th/pub/media/catalog/product/1/0/10000244_sen_1200_1.jpg,SEN,1
"10000245",https://www.dohome.co.th/pub/media/catalog/product/1/0/10000245_sen_1200_1.jpg,SEN,1
"10000245",https://www.dohome.co.th/pub/media/catalog/product/1/0/10000245_sen_1200_2.jpg,SEN,2
"10000247",https://www.dohome.co.th/pub/media/catalog/product/1/0/10000247_sen_1200_1.jpg,SEN,1
"10000248",https://www.dohome.co.th/pub/media/catalog/product/1/0/10000248_sen_1200_1.jpg,SEN,1
"10000250",https://www.dohome.co.th/pub/media/catalog/product/1/0/10000250_tan_1200_1.jpg,SEN,1
"10000250",https://www.dohome.co.th/pub/media/catalog/product/1/0/10000250_tan_1200_2.jpg,SEN,2
"10000250",https://www.dohome.co.th/pub/media/catalog/product/1/0/10000250_tan_1200_3.jpg,SEN,3
"10000251",https://www.dohome.co.th/pub/media/catalog/product/1/0/10000251_tan_1200_1.jpg,SEN,1
"10000251",https://www.dohome.co.th/pub/media/catalog/product/1/0/10000251_tan_1200_2.jpg,SEN,2
"10000251",https://www.dohome.co.th/pub/media/catalog/product/1/0/10000251_tan_1200_3.jpg,SEN,3
"10000253",https://www.dohome.co.th/pub/media/catalog/product/1/0/10000253_sen_1200_1.jpg,SEN,1
"10000254",https://www.dohome.co.th/pub/media/catalog/product/1/0/10000254_tan_1200_1.jpg,SEN,1
"10000254",https://www.dohome.co.th/pub/media/catalog/product/1/0/10000254_tan_1200_2.jpg,SEN,2
"10000254",https://www.dohome.co.th/pub/media/catalog/product/1/0/10000254_tan_1200_3.jpg,SEN,3
"10000257",https://www.dohome.co.th/pub/media/catalog/product/1/0/10000257_sen_1200_1.jpg,SEN,1
"10000257",https://www.dohome.co.th/pub/media/catalog/product/1/0/10000257_sen_1200_2.jpg,SEN,2
"10000259",https://www.dohome.co.th/pub/media/catalog/product/1/0/10000259_sen_1200_1.jpg,SEN,1
"10000260",https://www.dohome.co.th/pub/media/catalog/product/1/0/10000260_sen_1200_1.jpg,SEN,1
"10000262",https://www.dohome.co.th/pub/media/catalog/product/1/0/10000262_sen_1200_1.jpg,SEN,1
"10000263",https://www.dohome.co.th/pub/media/catalog/product/1/0/10000263_sen_1200_1.jpg,SEN,1
"10000265",https://www.dohome.co.th/pub/media/catalog/product/1/0/10000265_sen_1200_1.jpg,SEN,1
"10000266",https://www.dohome.co.th/pub/media/catalog/product/1/0/10000266_sen_1200_1.jpg,SEN,1
"10000268",https://www.dohome.co.th/pub/media/catalog/product/1/0/10000268_sen_1200_1.jpg,SEN,1
"10000269",https://www.dohome.co.th/pub/media/catalog/product/1/0/10000269_sen_1200_1.jpg,SEN,1
"10000270",https://www.dohome.co.th/pub/media/catalog/product/1/0/10000270_sen_1200_1.jpg,SEN,1
"10000272",https://www.dohome.co.th/pub/media/catalog/product/1/0/10000272_sen_1200_1.jpg,SEN,1
"10000273",https://www.dohome.co.th/pub/media/catalog/product/1/0/10000273_sen_1200_1.jpg,SEN,1
"10000275",https://www.dohome.co.th/pub/media/catalog/product/1/0/10000275_sen_1200_1.jpg,SEN,1
"10000278",https://www.dohome.co.th/pub/media/catalog/product/1/0/10000278_sen_1200_1.jpg,SEN,1
"10000282",https://www.dohome.co.th/pub/media/catalog/product/1/0/10000282_sen_1200_1.jpg,SEN,1
"10000287",https://www.dohome.co.th/pub/media/catalog/product/1/0/10000287_sen_1200_1.jpg,SEN,1
"10000288",https://www.dohome.co.th/pub/media/catalog/product/1/0/10000288_sen_1200_1.jpg,SEN,1
"10000320",https://www.dohome.co.th/pub/media/catalog/product/1/0/10000320_sen_1200_1.jpg,SEN,1
"10000344",https://www.dohome.co.th/pub/media/catalog/product/1/0/10000344_sen_1200_1.jpg,SEN,1
"10000361",https://www.dohome.co.th/pub/media/catalog/product/1/0/10000361_ea_1200_1.jpg,PAA,1
"10000363",https://www.dohome.co.th/pub/media/catalog/product/1/0/10000363_ea_1200_1.jpg,PAA,1
"10000365",https://www.dohome.co.th/pub/media/catalog/product/1/0/10000365_ea_1200_1.jpg,PAA,1
"10000367",https://www.dohome.co.th/pub/media/catalog/product/1/0/10000367_ea_1200_1.jpg,PAA,1
"10000369",https://www.dohome.co.th/pub/media/catalog/product/1/0/10000369_ea_1200_1.jpg,PAA,1
"10000373",https://www.dohome.co.th/pub/media/catalog/product/1/0/10000373_paa_1200_1.jpg,PAA,1
"10000377",https://www.dohome.co.th/pub/media/catalog/product/1/0/10000377_tan_1200_1.jpg,PAA,1
"10000378",https://www.dohome.co.th/pub/media/catalog/product/1/0/10000378_paa_1200_1.jpg,PAA,1
"10000381",https://www.dohome.co.th/pub/media/catalog/product/1/0/10000381_paa_1200_1.jpg,PAA,1
"10000382",https://www.dohome.co.th/pub/media/catalog/product/1/0/10000382_paa_1200_1.jpg,PAA,1
"10000387",https://www.dohome.co.th/pub/media/catalog/product/1/0/10000387_ea_1200_1.jpg,EA,1
"10000393",https://www.dohome.co.th/pub/media/catalog/product/1/0/10000393_ea_1200_1.jpg,EA,1
"10000393",https://www.dohome.co.th/pub/media/catalog/product/1/0/10000393_ea_1200_2.jpg,EA,2
"10000429",https://www.dohome.co.th/pub/media/catalog/product/1/0/10000429_ea_1200_1.jpg,EA,1
"10000429",https://www.dohome.co.th/pub/media/catalog/product/1/0/10000429_ea_1200_2.jpg,EA,2
"10000433",https://www.dohome.co.th/pub/media/catalog/product/1/0/10000433_sen_1200_1_1.jpg,PL,1
"10000436",https://www.dohome.co.th/pub/media/catalog/product/1/0/10000436_sen_1200_1.jpg,PL,1
"10000449",https://www.dohome.co.th/pub/media/catalog/product/1/0/10000449_ea_1200_1.jpg,EA,1
"10000449",https://www.dohome.co.th/pub/media/catalog/product/1/0/10000449_ea_1200_2.jpg,EA,2
"10000453",https://www.dohome.co.th/pub/media/catalog/product/1/0/10000453_s_1200_1.jpg,ZWF,1
"10000458",https://www.dohome.co.th/pub/media/catalog/product/1/0/10000458_ea_1200_3_1.jpg,EA,1
"10000458",https://www.dohome.co.th/pub/media/catalog/product/1/0/10000458_ea_1200_1_1.jpeg,EA,2
"10000458",https://www.dohome.co.th/pub/media/catalog/product/1/0/10000458_ea_1200_2_1.jpg,EA,3
"10000458",https://www.dohome.co.th/pub/media/catalog/product/1/0/10000458_ea_1200_3_1_1.jpg,EA,4
"10000458",https://www.dohome.co.th/pub/media/catalog/product/1/0/10000458_ea_1200_1_1_1.jpeg,EA,5
"10000458",https://www.dohome.co.th/pub/media/catalog/product/1/0/10000458_ea_1200_2_1_1.jpg,EA,6
"10000462",https://www.dohome.co.th/pub/media/catalog/product/1/0/10000462_ea_1200_1_4_1.jpg,EA,6
"10000474",https://www.dohome.co.th/pub/media/catalog/product/1/0/10000474_ea_1200_1.jpg,ZWF,1
"10000474",https://www.dohome.co.th/pub/media/catalog/product/1/0/10000474_ea_1200_2.jpg,ZWF,2
"10000478",https://www.dohome.co.th/pub/media/catalog/product/1/0/10000478_ea_1200_1.jpg,EA,1
"10000478",https://www.dohome.co.th/pub/media/catalog/product/1/0/10000478_ea_1200_1_1.jpg,EA,2
"10000508",https://www.dohome.co.th/pub/media/catalog/product/1/0/10000508_sen_1200_1.jpg,PL,1
"10000509",https://www.dohome.co.th/pub/media/catalog/product/1/0/10000509_sen_1200_1.jpg,PL,1
"10000560",https://www.dohome.co.th/pub/media/catalog/product/1/0/10000560_ea_1200_1.jpg,EA,1
"10000562",https://www.dohome.co.th/pub/media/catalog/product/1/0/10000562_ea_1200_1.jpg,EA,1
"10000586",https://www.dohome.co.th/pub/media/catalog/product/1/0/10000586_ea_1200_1.jpg,EA,1
"10000586",https://www.dohome.co.th/pub/media/catalog/product/1/0/10000586_ea_1200_2.jpg,EA,2
"10000594",https://www.dohome.co.th/pub/media/catalog/product/1/0/10000594_can_1200_1.jpg,CAN,1
"10000594",https://www.dohome.co.th/pub/media/catalog/product/1/0/10000594_can_1200_1_1.jpg,CAN,2
"10000607",https://www.dohome.co.th/pub/media/catalog/product/1/0/10000607_bt_p1.jpg,BT,3
"10000611",https://www.dohome.co.th/pub/media/catalog/product/1/0/10000611_bt_1200_1.jpg,BT,1
"10000615",https://www.dohome.co.th/pub/media/catalog/product/1/0/10000615_bt_p1.jpg,BT,3
"10000619",https://www.dohome.co.th/pub/media/catalog/product/1/0/10000619_can_1200_1.jpg,CAN,1
"10000619",https://www.dohome.co.th/pub/media/catalog/product/1/0/10000619_can_1200_1_1.jpg,CAN,2
"10000632",https://www.dohome.co.th/pub/media/catalog/product/1/0/10000632_s_1200_1.jpg,ZWF,1
"10000637",https://www.dohome.co.th/pub/media/catalog/product/1/0/10000637_s_1200_1.jpg,ZWF,1
"10000637",https://www.dohome.co.th/pub/media/catalog/product/1/0/10000637_s_1200_1_1.jpg,ZWF,2
"10000637",https://www.dohome.co.th/pub/media/catalog/product/1/0/10000637_s_1200_1_2.jpg,ZWF,3
"10000637",https://www.dohome.co.th/pub/media/catalog/product/1/0/10000637_s_1200_1_3.jpg,ZWF,4
"10000637",https://www.dohome.co.th/pub/media/catalog/product/1/0/10000637_s_1200_1_4.jpg,ZWF,5
"10000641",https://www.dohome.co.th/pub/media/catalog/product/1/0/10000641_b_1200_1.jpg,B,1
"10000646",https://www.dohome.co.th/pub/media/catalog/product/1/0/10000646_b_1200_1.jpg,B,1
"10000647",https://www.dohome.co.th/pub/media/catalog/product/1/0/10000647_ea_1200_1_1.jpg,EA,1
"10000649",https://www.dohome.co.th/pub/media/catalog/product/1/0/10000649_ea_1200_1_1.jpg,EA,1
"10000649",https://www.dohome.co.th/pub/media/catalog/product/1/0/10000649_ea_1200_2_1.jpg,EA,2
"10000651",https://www.dohome.co.th/pub/media/catalog/product/1/0/10000651_ea_1200_1_1.jpg,EA,1
"10000651",https://www.dohome.co.th/pub/media/catalog/product/1/0/10000651_ea_1200_2_1.jpg,EA,2
"10000652",https://www.dohome.co.th/pub/media/catalog/product/1/0/10000652_ea_1200_1_1.jpg,EA,1
"10000654",https://www.dohome.co.th/pub/media/catalog/product/1/0/10000654_b_1200_1.jpg,B,1
"10000654",https://www.dohome.co.th/pub/media/catalog/product/1/0/10000654_b_1200_2.jpg,B,2
"10000654",https://www.dohome.co.th/pub/media/catalog/product/1/0/10000654_b_1200_3.jpg,B,3
"10000654",https://www.dohome.co.th/pub/media/catalog/product/1/0/10000654_b_1200_4.jpg,B,4
"10000656",https://www.dohome.co.th/pub/media/catalog/product/1/0/10000656_ea_1200_2_1.jpg,EA,1
"10000656",https://www.dohome.co.th/pub/media/catalog/product/1/0/10000656_ea_1200_3_1.jpg,EA,2
"10000656",https://www.dohome.co.th/pub/media/catalog/product/1/0/10000656_ea_1200_1_1.jpg,EA,3
"10000656",https://www.dohome.co.th/pub/media/catalog/product/1/0/10000656_ea_1200_4_1.jpg,EA,4
"10000658",https://www.dohome.co.th/pub/media/catalog/product/1/0/10000658_ba1_1200_1.jpg,BAI,1
"10000659",https://www.dohome.co.th/pub/media/catalog/product/1/0/10000659_ea_1200_1_1.jpg,EA,1
"10000663",https://www.dohome.co.th/pub/media/catalog/product/1/0/10000663_ea_1200_1_1.jpg,EA,1
"10000664",https://www.dohome.co.th/pub/media/catalog/product/1/0/10000664_b_1200_1_1.jpg,EA,1
"10000664",https://www.dohome.co.th/pub/media/catalog/product/1/0/10000664_b_1200_2_1.jpg,EA,2
"10000681",https://www.dohome.co.th/pub/media/catalog/product/1/0/10000681_s_1200_1.jpg,ZWF,1
"10000701",https://www.dohome.co.th/pub/media/catalog/product/1/0/10000701_ea_1200_1.jpg,EA,1
"10000706",https://www.dohome.co.th/pub/media/catalog/product/1/0/10000706_pl_1200_1.jpg,PL,1
"10000710",https://www.dohome.co.th/pub/media/catalog/product/1/0/10000710_pl_1200_1.jpg,PL,1
"10000756",https://www.dohome.co.th/pub/media/catalog/product/1/0/10000756_bai_1200_1.jpg,BAI,1
"10000783",https://www.dohome.co.th/pub/media/catalog/product/1/0/10000783_p_1200_1.jpg,ZWG,1
"10000794",https://www.dohome.co.th/pub/media/catalog/product/1/0/10000794_ea_1200_1_4.jpg,EA,1
"10000794",https://www.dohome.co.th/pub/media/catalog/product/1/0/10000794_ea_1200_1.jpg,EA,2
"10000794",https://www.dohome.co.th/pub/media/catalog/product/1/0/10000794_ea_1200_1_1.jpg,EA,3
"10000794",https://www.dohome.co.th/pub/media/catalog/product/1/0/10000794_ea_1200_1_2.jpg,EA,4
"10000794",https://www.dohome.co.th/pub/media/catalog/product/1/0/10000794_ea_1200_1_3.jpg,EA,5
"10000794",https://www.dohome.co.th/pub/media/catalog/product/1/0/10000794_ea_1200_1_4_1.jpg,EA,6
"10000794",https://www.dohome.co.th/pub/media/catalog/product/1/0/10000794_ea_1200_1_5.jpg,EA,7
"10000794",https://www.dohome.co.th/pub/media/catalog/product/1/0/10000794_ea_1200_1_1_1.jpg,EA,8
"10000794",https://www.dohome.co.th/pub/media/catalog/product/1/0/10000794_ea_1200_1_2_1.jpg,EA,9
"10000794",https://www.dohome.co.th/pub/media/catalog/product/1/0/10000794_ea_1200_1_3_1.jpg,EA,10
"10000799",https://www.dohome.co.th/pub/media/catalog/product/1/0/10000799_ea_1200_1.jpg,EA,1
"10000799",https://www.dohome.co.th/pub/media/catalog/product/1/0/10000799_ea_1200_2.jpg,EA,2
"10000801",https://www.dohome.co.th/pub/media/catalog/product/1/0/10000801_ea_1200_1.jpg,EA,1
"10000801",https://www.dohome.co.th/pub/media/catalog/product/1/0/10000801_ea_1200_2.jpg,EA,2
"10000828",https://www.dohome.co.th/pub/media/catalog/product/1/0/10000828_p_1200_1.jpg,ZWG,1
"10000828",https://www.dohome.co.th/pub/media/catalog/product/1/0/10000828_p_1200_2.jpg,ZWG,2
"10000835",https://www.dohome.co.th/pub/media/catalog/product/1/0/10000835_ea_1200_1_1.jpg,EA,1
"10000835",https://www.dohome.co.th/pub/media/catalog/product/1/0/10000835_ea_1200_2_1.jpg,EA,2
"10000843",https://www.dohome.co.th/pub/media/catalog/product/1/0/10000843_ea_1200_1_2.jpg,EA,1
"10000843",https://www.dohome.co.th/pub/media/catalog/product/1/0/10000843_ea_1200_2_2.jpg,EA,2
"10000855",https://www.dohome.co.th/pub/media/catalog/product/1/0/10000855_paa_1200_1.jpg,P10,1
"10000861",https://www.dohome.co.th/pub/media/catalog/product/1/0/10000861_ea_p2.jpg,PAA,0
"10000861",https://www.dohome.co.th/pub/media/catalog/product/1/0/10000861_ea_p1.jpg,PAA,1
"10000861",https://www.dohome.co.th/pub/media/catalog/product/1/0/10000861_ea_p3.jpg,PAA,2
"10000866",https://www.dohome.co.th/pub/media/catalog/product/1/0/10000866_sen_1200_1.jpg,SEN,1
"10000878",https://www.dohome.co.th/pub/media/catalog/product/1/0/10000878_ea_1200_1.jpg,EA,1
"10000878",https://www.dohome.co.th/pub/media/catalog/product/1/0/10000878_ea_1200_2.jpg,EA,2
"10000880",https://www.dohome.co.th/pub/media/catalog/product/1/0/10000880_bk_1200_1.jpg,BK,1
"10000880",https://www.dohome.co.th/pub/media/catalog/product/l/i/lis_100000252_10000880_qr.jpg,BK,2
"10000895",https://www.dohome.co.th/pub/media/catalog/product/1/0/10000895_ea_1200_1.jpg,EA,1
"10000895",https://www.dohome.co.th/pub/media/catalog/product/1/0/10000895_ea_1200_2.jpg,EA,2
"10000895",https://www.dohome.co.th/pub/media/catalog/product/1/0/10000895_ea_1200_3.jpg,EA,3
"10000896",https://www.dohome.co.th/pub/media/catalog/product/1/0/10000896_bt_1200_1.jpg,BT,1
"10000900",https://www.dohome.co.th/pub/media/catalog/product/1/0/10000900_bt_1200_1.jpg,BT,1
"10000900",https://www.dohome.co.th/pub/media/catalog/product/1/0/10000900_bt_1200_1_1.jpg,BT,2
"10000917",https://www.dohome.co.th/pub/media/catalog/product/1/0/10000917_ea_1200_1.jpg,EA,1
"10000917",https://www.dohome.co.th/pub/media/catalog/product/1/0/10000917_ea_1200_2.jpg,EA,2
"10000927",https://www.dohome.co.th/pub/media/catalog/product/1/0/10000927_bt_1200_1.jpg,BT,1
"10000927",https://www.dohome.co.th/pub/media/catalog/product/1/0/10000927_bt_1200_1_1.jpg,BT,2
"10000929",https://www.dohome.co.th/pub/media/catalog/product/1/0/10000929_ea_1200_1_1.jpg,EA,1
"10000935",https://www.dohome.co.th/pub/media/catalog/product/1/0/10000935_bt_1200_1_1.jpg,BT,2
"10000939",https://www.dohome.co.th/pub/media/catalog/product/1/0/10000939_bt_1200_1.jpg,BT,1
"10000939",https://www.dohome.co.th/pub/media/catalog/product/1/0/10000939_bt_1200_1_1.jpg,BT,2
"10000944",https://www.dohome.co.th/pub/media/catalog/product/1/0/10000944_bt_1200_1.jpg,BT,1
"10000944",https://www.dohome.co.th/pub/media/catalog/product/1/0/10000944_bt_1200_1_1.jpg,BT,2
"10000947",https://www.dohome.co.th/pub/media/catalog/product/1/0/10000947_ea_1200_1.jpg,EA,1
"10000947",https://www.dohome.co.th/pub/media/catalog/product/1/0/10000947_ea_1200_2.jpg,EA,2
"10000948",https://www.dohome.co.th/pub/media/catalog/product/1/0/10000948_bt_1200_1.jpg,BT,1
"10000948",https://www.dohome.co.th/pub/media/catalog/product/1/0/10000948_bt_1200_1_1.jpg,BT,2
"10000952",https://www.dohome.co.th/pub/media/catalog/product/1/0/10000952_ea_1200_1_1.jpg,EA,1
"10000953",https://www.dohome.co.th/pub/media/catalog/product/1/0/10000953_bt_1200_1.jpg,BT,1
"10000953",https://www.dohome.co.th/pub/media/catalog/product/1/0/10000953_bt_1200_1_1.jpg,BT,2
"10000961",https://www.dohome.co.th/pub/media/catalog/product/1/0/10000961_bt_1200_1.jpg,BT,1
"10000961",https://www.dohome.co.th/pub/media/catalog/product/1/0/10000961_bt_1200_1_1.jpg,BT,2
"10000965",https://www.dohome.co.th/pub/media/catalog/product/1/0/10000965_bt_1200_1.jpg,BT,1
"10000965",https://www.dohome.co.th/pub/media/catalog/product/1/0/10000965_bt_1200_1_1.jpg,BT,2
"10000975",https://www.dohome.co.th/pub/media/catalog/product/1/0/10000975_mc_1200_1.jpg,EA,1
"10000975",https://www.dohome.co.th/pub/media/catalog/product/1/0/10000975_mc_1200_2.jpg,EA,2
"10000975",https://www.dohome.co.th/pub/media/catalog/product/1/0/10000975_mc_1200_3.jpg,EA,3
"10000985",https://www.dohome.co.th/pub/media/catalog/product/1/0/10000985_ea_1200_3.jpg,EA,1
"10000985",https://www.dohome.co.th/pub/media/catalog/product/1/0/10000985_ea_1200_2.jpg,EA,2
"10000985",https://www.dohome.co.th/pub/media/catalog/product/1/0/10000985_ea_1200_1.jpg,EA,3
"10001007",https://www.dohome.co.th/pub/media/catalog/product/1/0/10001007_s_1200_1.jpg,ZWF,1
"10001032",https://www.dohome.co.th/pub/media/catalog/product/1/0/10001032_bt_1200_1_1.jpg,BT,2
"10001037",https://www.dohome.co.th/pub/media/catalog/product/1/0/10001037_bt_1200_1.jpg,BT,1
"10001037",https://www.dohome.co.th/pub/media/catalog/product/1/0/10001037_bt_1200_1_1.jpg,BT,2
"10001042",https://www.dohome.co.th/pub/media/catalog/product/1/0/10001042_bt_1200_1.jpg,BT,1
"10001042",https://www.dohome.co.th/pub/media/catalog/product/1/0/10001042_bt_1200_1_1.jpg,BT,2
"10001045",https://www.dohome.co.th/pub/media/catalog/product/1/0/10001045_bt_1200_1_2.jpg,BT,1
"10001045",https://www.dohome.co.th/pub/media/catalog/product/1/0/10001045_bt_1200_1_2_1.jpg,BT,2
"10001050",https://www.dohome.co.th/pub/media/catalog/product/1/0/10001050_bt_1200_1_2.jpg,BT,1
"10001050",https://www.dohome.co.th/pub/media/catalog/product/1/0/10001050_bt_1200_1_2_1.jpg,BT,2
"10001053",https://www.dohome.co.th/pub/media/catalog/product/1/0/10001053_ea_1200_1_2.jpg,EA,1
"10001059",https://www.dohome.co.th/pub/media/catalog/product/1/0/10001059_bt_1200_1_2.jpg,BT,1
"10001059",https://www.dohome.co.th/pub/media/catalog/product/1/0/10001059_bt_1200_1_2_1.jpg,BT,2
"10001063",https://www.dohome.co.th/pub/media/catalog/product/1/0/10001063_bt_1200_1_2.jpg,BT,1
"10001063",https://www.dohome.co.th/pub/media/catalog/product/1/0/10001063_bt_1200_1_2_1.jpg,BT,2
"10001065",https://www.dohome.co.th/pub/media/catalog/product/1/0/10001065_bk_1200_1_2.jpg,GAL,1
"10001065",https://www.dohome.co.th/pub/media/catalog/product/l/i/lis_100000134_10001065_qr_1.jpg,GAL,3
"10001066",https://www.dohome.co.th/pub/media/catalog/product/1/0/10001066_bt_1200_1_2.jpg,BT,1
"10001066",https://www.dohome.co.th/pub/media/catalog/product/1/0/10001066_bt_1200_1_2_1.jpg,BT,2
"10001071",https://www.dohome.co.th/pub/media/catalog/product/1/0/10001071_bt_1200_1_2.jpg,BT,1
"10001071",https://www.dohome.co.th/pub/media/catalog/product/1/0/10001071_bt_1200_1_2_1.jpg,BT,2
"10001076",https://www.dohome.co.th/pub/media/catalog/product/1/0/10001076_bt_1200_1_2.jpg,BT,1
"10001076",https://www.dohome.co.th/pub/media/catalog/product/1/0/10001076_bt_1200_1_2_1.jpg,BT,2
"10001081",https://www.dohome.co.th/pub/media/catalog/product/1/0/10001081_bt_1200_1_2.jpg,BT,1
"10001081",https://www.dohome.co.th/pub/media/catalog/product/1/0/10001081_bt_1200_1_2_1.jpg,BT,2
"10001082",https://www.dohome.co.th/pub/media/catalog/product/1/0/10001082_bt_1200_1_2.jpg,BT,1
"10001082",https://www.dohome.co.th/pub/media/catalog/product/1/0/10001082_bt_1200_1_2_1.jpg,BT,2
"10001083",https://www.dohome.co.th/pub/media/catalog/product/1/0/10001083_bt_1200_1_2.jpg,BT,1
"10001083",https://www.dohome.co.th/pub/media/catalog/product/1/0/10001083_bt_1200_1_2_1.jpg,BT,2
"10001085",https://www.dohome.co.th/pub/media/catalog/product/1/0/10001085_bt_1200_1_2.jpg,BT,1
"10001085",https://www.dohome.co.th/pub/media/catalog/product/1/0/10001085_bt_1200_1_2_1.jpg,BT,2
"10001088",https://www.dohome.co.th/pub/media/catalog/product/1/0/10001088_bt_1200_1_2.jpg,BT,1
"10001088",https://www.dohome.co.th/pub/media/catalog/product/1/0/10001088_bt_1200_1_2_1.jpg,BT,2
"10001089",https://www.dohome.co.th/pub/media/catalog/product/1/0/10001089_gl_1200_1_2.jpg,GAL,1
"10001090",https://www.dohome.co.th/pub/media/catalog/product/1/0/10001090_ea_1200_1_2.jpg,EA,1
"10001090",https://www.dohome.co.th/pub/media/catalog/product/1/0/10001090_ea_1200_2_2.jpg,EA,2
"10001104",https://www.dohome.co.th/pub/media/catalog/product/1/0/10001104_gl_1200_1_2.jpg,GAL,1
"10001133",https://www.dohome.co.th/pub/media/catalog/product/1/0/10001133_bt_1200_1_2.jpg,BT,1
"10001133",https://www.dohome.co.th/pub/media/catalog/product/1/0/10001133_bt_1200_1_2_1.jpg,BT,2
"10001161",https://www.dohome.co.th/pub/media/catalog/product/1/0/10001161_gl_1200_1_2.jpg,GAL,1
"10001161",https://www.dohome.co.th/pub/media/catalog/product/l/i/lis_100000134_10001161_qr_1.jpg,GAL,3
"10001162",https://www.dohome.co.th/pub/media/catalog/product/1/0/10001162_gl_1200_1_2.jpg,GAL,1
"10001165",https://www.dohome.co.th/pub/media/catalog/product/1/0/10001165_gl_1200_1_2.jpg,GAL,1
"10001170",https://www.dohome.co.th/pub/media/catalog/product/1/0/10001170_gl_1200_1_2.jpg,GAL,1
"10001170",https://www.dohome.co.th/pub/media/catalog/product/l/i/lis_100000134_10001170_qr_1.jpg,GAL,3
"10001179",https://www.dohome.co.th/pub/media/catalog/product/1/0/10001179_bk_1200_1_2.jpg,GAL,1
"10001179",https://www.dohome.co.th/pub/media/catalog/product/l/i/lis_100000134_10001179_qr_1.jpg,GAL,3
"10001215",https://www.dohome.co.th/pub/media/catalog/product/1/0/10001215_bk_1200_1_2.jpg,BK,1
"10001215",https://www.dohome.co.th/pub/media/catalog/product/l/i/lis_100000134_10001215_qr_1.jpg,BK,3
"10001239",https://www.dohome.co.th/pub/media/catalog/product/1/0/10001239_b_1200_1_2.jpg,DZ,1
"10001250",https://www.dohome.co.th/pub/media/catalog/product/1/0/10001250_bag_1200_1_2.jpg,ZWG,1
"10001254",https://www.dohome.co.th/pub/media/catalog/product/1/0/10001254_gl_1200_1_2.jpg,BK,1
"10001255",https://www.dohome.co.th/pub/media/catalog/product/1/0/10001255_gl_1200_1_2.jpg,GAL,1
"10001255",https://www.dohome.co.th/pub/media/catalog/product/1/0/10001255_gl_1200_2_2.jpg,GAL,2
"10001258",https://www.dohome.co.th/pub/media/catalog/product/1/0/10001258_gl_1200_1_2.jpg,GAL,1
"10001261",https://www.dohome.co.th/pub/media/catalog/product/1/0/10001261_gl_1200_1_2.jpg,GAL,1
"10001262",https://www.dohome.co.th/pub/media/catalog/product/1/0/10001262_ea_1200_1_2.jpg,EA,1
"10001262",https://www.dohome.co.th/pub/media/catalog/product/1/0/10001262_ea_1200_2_2.jpg,EA,2
"10001264",https://www.dohome.co.th/pub/media/catalog/product/1/0/10001264_gl_1200_1_2.jpg,GAL,1
"10001266",https://www.dohome.co.th/pub/media/catalog/product/1/0/10001266_gl_1200_1_2.jpg,GAL,1
"10001267",https://www.dohome.co.th/pub/media/catalog/product/1/0/10001267_ea_1200_1_2.jpg,EA,1
"10001267",https://www.dohome.co.th/pub/media/catalog/product/1/0/10001267_ea_1200_2_2.jpg,EA,2
"10001269",https://www.dohome.co.th/pub/media/catalog/product/1/0/10001269_gl_1200_1.jpg,GAL,1
"10001271",https://www.dohome.co.th/pub/media/catalog/product/1/0/10001271_gl_1200_1.jpg,GAL,1
"10001274",https://www.dohome.co.th/pub/media/catalog/product/1/0/10001274_gl_1200_1.jpg,GAL,1
"10001276",https://www.dohome.co.th/pub/media/catalog/product/1/0/10001276_gl_1200_1.jpg,GAL,1
"10001279",https://www.dohome.co.th/pub/media/catalog/product/1/0/10001279_gl_1200_1.jpg,GAL,1
"10001281",https://www.dohome.co.th/pub/media/catalog/product/1/0/10001281_gl_1200_1.jpg,GAL,1
"10001284",https://www.dohome.co.th/pub/media/catalog/product/1/0/10001284_gl_1200_1.jpg,GAL,1
"10001286",https://www.dohome.co.th/pub/media/catalog/product/1/0/10001286_gl_1200_1.jpg,GAL,1
"10001289",https://www.dohome.co.th/pub/media/catalog/product/1/0/10001289_gl_1200_1.jpg,GAL,1
"10001292",https://www.dohome.co.th/pub/media/catalog/product/1/0/10001292_gl_1200_1.jpg,GAL,1
"10001297",https://www.dohome.co.th/pub/media/catalog/product/1/0/10001297_gl_1200_1.jpg,BT,1
"10001297",https://www.dohome.co.th/pub/media/catalog/product/1/0/10001297_gl_1200_1_1.jpg,BT,2
"10001299",https://www.dohome.co.th/pub/media/catalog/product/1/0/10001299_bt_1200_1.jpg,BT,1
"10001299",https://www.dohome.co.th/pub/media/catalog/product/1/0/10001299_bt_1200_1_1.jpg,BT,2
"10001302",https://www.dohome.co.th/pub/media/catalog/product/1/0/10001302_gl_1200_1.jpg,BT,1
"10001302",https://www.dohome.co.th/pub/media/catalog/product/1/0/10001302_gl_1200_1_1.jpg,BT,2
"10001305",https://www.dohome.co.th/pub/media/catalog/product/1/0/10001305_bt_1200_1.jpg,BT,1
"10001305",https://www.dohome.co.th/pub/media/catalog/product/1/0/10001305_bt_1200_1_1.jpg,BT,2
"10001307",https://www.dohome.co.th/pub/media/catalog/product/1/0/10001307_gl_1200_1.jpg,BT,1
"10001307",https://www.dohome.co.th/pub/media/catalog/product/1/0/10001307_gl_1200_1_1.jpg,BT,2
"10001310",https://www.dohome.co.th/pub/media/catalog/product/1/0/10001310_bt_1200_1.jpg,BT,1
"10001310",https://www.dohome.co.th/pub/media/catalog/product/1/0/10001310_bt_1200_1_1.jpg,BT,2
"10001312",https://www.dohome.co.th/pub/media/catalog/product/1/0/10001312_gl_1200_1.jpg,BT,1
"10001312",https://www.dohome.co.th/pub/media/catalog/product/1/0/10001312_gl_1200_1_1.jpg,BT,2
"10001315",https://www.dohome.co.th/pub/media/catalog/product/1/0/10001315_bt_1200_1.jpg,BT,1
"10001315",https://www.dohome.co.th/pub/media/catalog/product/1/0/10001315_bt_1200_1_1.jpg,BT,2
"10001318",https://www.dohome.co.th/pub/media/catalog/product/1/0/10001318_gl_1200_1.jpg,BT,1
"10001318",https://www.dohome.co.th/pub/media/catalog/product/1/0/10001318_gl_1200_1_1.jpg,BT,2
"10001320",https://www.dohome.co.th/pub/media/catalog/product/1/0/10001320_bt_1200_1.jpg,BT,1
"10001320",https://www.dohome.co.th/pub/media/catalog/product/1/0/10001320_bt_1200_1_1.jpg,BT,2
"10001323",https://www.dohome.co.th/pub/media/catalog/product/1/0/10001323_gl_1200_1.jpg,BT,1
"10001323",https://www.dohome.co.th/pub/media/catalog/product/1/0/10001323_gl_1200_1_1.jpg,BT,2
"10001325",https://www.dohome.co.th/pub/media/catalog/product/1/0/10001325_gl_1200_1.jpg,BT,1
"10001325",https://www.dohome.co.th/pub/media/catalog/product/1/0/10001325_gl_1200_1_1.jpg,BT,2
"10001330",https://www.dohome.co.th/pub/media/catalog/product/1/0/10001330_bt_1200_1.jpg,BT,1
"10001330",https://www.dohome.co.th/pub/media/catalog/product/1/0/10001330_bt_1200_1_1.jpg,BT,2
"10001333",https://www.dohome.co.th/pub/media/catalog/product/1/0/10001333_gl_1200_1.jpg,BT,1
"10001333",https://www.dohome.co.th/pub/media/catalog/product/1/0/10001333_gl_1200_1_1.jpg,BT,2
"10001336",https://www.dohome.co.th/pub/media/catalog/product/1/0/10001336_bt_1200_1.jpg,BT,1
"10001336",https://www.dohome.co.th/pub/media/catalog/product/1/0/10001336_bt_1200_1_1.jpg,BT,2
"10001343",https://www.dohome.co.th/pub/media/catalog/product/1/0/10001343_ea_1200_1.jpg,ZWF,1
"10001343",https://www.dohome.co.th/pub/media/catalog/product/1/0/10001343_ea_1200_2.jpg,ZWF,2
"10001343",https://www.dohome.co.th/pub/media/catalog/product/1/0/10001343_ea_1200_3.jpg,ZWF,3
"10001360",https://www.dohome.co.th/pub/media/catalog/product/1/0/10001360_ea_1200_1.jpg,EA,1
"10001376",https://www.dohome.co.th/pub/media/catalog/product/1/0/10001376_sen_1200_1.jpg,SEN,1
"10001383",https://www.dohome.co.th/pub/media/catalog/product/1/0/10001383_ea_1200_2.jpg,EA,1
"10001383",https://www.dohome.co.th/pub/media/catalog/product/1/0/10001383_ea_1200_1.jpg,EA,2
"10001383",https://www.dohome.co.th/pub/media/catalog/product/1/0/10001383_ea_1200_2_1.jpg,EA,3
"10001383",https://www.dohome.co.th/pub/media/catalog/product/1/0/10001383_ea_1200_1_1.jpg,EA,4
"10001391",https://www.dohome.co.th/pub/media/catalog/product/1/0/10001391_ea_1200_1.jpg,EA,1
"10001407",https://www.dohome.co.th/pub/media/catalog/product/1/0/10001407_ea_1200_1_2.jpg,EA,1
"10001414",https://www.dohome.co.th/pub/media/catalog/product/1/0/10001414_bai_1200_1.jpg,BAI,1
"10001414",https://www.dohome.co.th/pub/media/catalog/product/1/0/10001414_bai_1200_2.jpg,BAI,2
"10001420",https://www.dohome.co.th/pub/media/catalog/product/1/0/10001420_bai_1200_1.jpg,BAI,1
"10001420",https://www.dohome.co.th/pub/media/catalog/product/1/0/10001420_bai_1200_2.jpg,BAI,2
"10001425",https://www.dohome.co.th/pub/media/catalog/product/1/0/10001425_bai_1200_1.jpg,BAI,1
"10001425",https://www.dohome.co.th/pub/media/catalog/product/1/0/10001425_bai_1200_2.jpg,BAI,2
"10001429",https://www.dohome.co.th/pub/media/catalog/product/1/0/10001429_can_1200_1.jpg,CAN,1
"10001429",https://www.dohome.co.th/pub/media/catalog/product/1/0/10001429_can_1200_1_1.jpg,CAN,2
"10001432",https://www.dohome.co.th/pub/media/catalog/product/1/0/10001432_can_1200_1.jpg,CAN,1
"10001432",https://www.dohome.co.th/pub/media/catalog/product/1/0/10001432_can_1200_1_1.jpg,CAN,2
"10001434",https://www.dohome.co.th/pub/media/catalog/product/1/0/10001434_can_1200_1.jpg,CAN,1
"10001444",https://www.dohome.co.th/pub/media/catalog/product/1/0/10001444_can_1200_1.jpg,CAN,1
"10001444",https://www.dohome.co.th/pub/media/catalog/product/1/0/10001444_can_1200_1_1.jpg,CAN,2
"10001447",https://www.dohome.co.th/pub/media/catalog/product/1/0/10001447_can_1200_1.jpg,CAN,1
"10001447",https://www.dohome.co.th/pub/media/catalog/product/1/0/10001447_can_1200_1_1.jpg,CAN,2
"10001450",https://www.dohome.co.th/pub/media/catalog/product/1/0/10001450_can_1200_1.jpg,CAN,1
"10001453",https://www.dohome.co.th/pub/media/catalog/product/1/0/10001453_can_1200_1.jpg,CAN,1
"10001459",https://www.dohome.co.th/pub/media/catalog/product/1/0/10001459_can_1200_1.jpg,CAN,1
"10001469",https://www.dohome.co.th/pub/media/catalog/product/1/0/10001469_can_1200_1.jpg,GAL,1
"10001472",https://www.dohome.co.th/pub/media/catalog/product/1/0/10001472_gl_1200_1.jpg,GAL,1
"10001474",https://www.dohome.co.th/pub/media/catalog/product/1/0/10001474_gl_1200_1.jpg,GAL,1
"10001478",https://www.dohome.co.th/pub/media/catalog/product/1/0/10001478_can_1200_1.jpg,GAL,1
"10001481",https://www.dohome.co.th/pub/media/catalog/product/1/0/10001481_p_1200_1.jpg,ZWG,1
"10001481",https://www.dohome.co.th/pub/media/catalog/product/1/0/10001481_p_1200_3.jpg,ZWG,2
"10001481",https://www.dohome.co.th/pub/media/catalog/product/1/0/10001481_p_1200_2.jpg,ZWG,3
"10001481",https://www.dohome.co.th/pub/media/catalog/product/1/0/10001481_p_1200_1_1.jpg,ZWG,4
"10001481",https://www.dohome.co.th/pub/media/catalog/product/1/0/10001481_p_1200_3_1.jpg,ZWG,5
"10001481",https://www.dohome.co.th/pub/media/catalog/product/1/0/10001481_p_1200_2_1.jpg,ZWG,6
"10001486",https://www.dohome.co.th/pub/media/catalog/product/1/0/10001486_p_1200_1.jpg,ZWG,1
"10001486",https://www.dohome.co.th/pub/media/catalog/product/1/0/10001486_p_1200_2.jpg,ZWG,2
"10001486",https://www.dohome.co.th/pub/media/catalog/product/1/0/10001486_p_1200_3.jpg,ZWG,3
"10001487",https://www.dohome.co.th/pub/media/catalog/product/1/0/10001487_gl_1200_1.jpg,GAL,1
"10001490",https://www.dohome.co.th/pub/media/catalog/product/1/0/10001490_gl_1200_1.jpg,GAL,1
"10001493",https://www.dohome.co.th/pub/media/catalog/product/1/0/10001493_gl_1200_1.jpg,GAL,1
"10001494",https://www.dohome.co.th/pub/media/catalog/product/1/0/10001494_mc_1200_1.jpg,MC,1
"10001496",https://www.dohome.co.th/pub/media/catalog/product/1/0/10001496_gl_1200_1.jpg,GAL,1
"10001497",https://www.dohome.co.th/pub/media/catalog/product/1/0/10001497_rem_1200_1.jpg,REM,1
"10001499",https://www.dohome.co.th/pub/media/catalog/product/1/0/10001499_s_1200_1.jpg,ZWF,1
"10001499",https://www.dohome.co.th/pub/media/catalog/product/1/0/10001499_s_1200_1_1.jpg,ZWF,2
"10001499",https://www.dohome.co.th/pub/media/catalog/product/1/0/10001499_s_1200_1_2.jpg,ZWF,3
"10001502",https://www.dohome.co.th/pub/media/catalog/product/1/0/10001502_s_1200_1.jpg,ZWF,1
"10001502",https://www.dohome.co.th/pub/media/catalog/product/1/0/10001502_s_1200_1_1.jpg,ZWF,2
"10001502",https://www.dohome.co.th/pub/media/catalog/product/1/0/10001502_s_1200_1_2.jpg,ZWF,3
"10001503",https://www.dohome.co.th/pub/media/catalog/product/1/0/10001503_rem_1200_1.jpg,REM,1
"10001503",https://www.dohome.co.th/pub/media/catalog/product/1/0/10001503_rem_1200_2.jpg,REM,2
"10001526",https://www.dohome.co.th/pub/media/catalog/product/1/0/10001526_s_1200_1.jpg,ZWF,1
"10001537",https://www.dohome.co.th/pub/media/catalog/product/1/0/10001537_ea_1200_1.jpg,EA,1
"10001537",https://www.dohome.co.th/pub/media/catalog/product/1/0/10001537_ea_1200_2.jpg,EA,2
"10001542",https://www.dohome.co.th/pub/media/catalog/product/1/0/10001542_ea_1200_1_1.jpg,EA,1
"10001542",https://www.dohome.co.th/pub/media/catalog/product/1/0/10001542_ea_1200_2_1.jpg,EA,2
"10001547",https://www.dohome.co.th/pub/media/catalog/product/1/0/10001547_ea_1200_1.jpg,EA,1
"10001547",https://www.dohome.co.th/pub/media/catalog/product/1/0/10001547_ea_1200_2.jpg,EA,2
"10001552",https://www.dohome.co.th/pub/media/catalog/product/1/0/10001552_ea_1200_1_4.jpg,EA,1
"10001552",https://www.dohome.co.th/pub/media/catalog/product/1/0/10001552_ea_1200_1.jpg,EA,2
"10001552",https://www.dohome.co.th/pub/media/catalog/product/1/0/10001552_ea_1200_1_1.jpg,EA,3
"10001552",https://www.dohome.co.th/pub/media/catalog/product/1/0/10001552_ea_1200_1_2.jpg,EA,4
"10001552",https://www.dohome.co.th/pub/media/catalog/product/1/0/10001552_ea_1200_1_3.jpg,EA,5
"10001552",https://www.dohome.co.th/pub/media/catalog/product/1/0/10001552_ea_1200_1_4_1.jpg,EA,6
"10001552",https://www.dohome.co.th/pub/media/catalog/product/1/0/10001552_ea_1200_1_5.jpg,EA,7
"10001552",https://www.dohome.co.th/pub/media/catalog/product/1/0/10001552_ea_1200_1_1_1.jpg,EA,8
"10001552",https://www.dohome.co.th/pub/media/catalog/product/1/0/10001552_ea_1200_1_2_1.jpg,EA,9
"10001552",https://www.dohome.co.th/pub/media/catalog/product/1/0/10001552_ea_1200_1_3_1.jpg,EA,10
"10001556",https://www.dohome.co.th/pub/media/catalog/product/1/0/10001556_ban_1200_1.jpg,BAN,1
"10001557",https://www.dohome.co.th/pub/media/catalog/product/1/0/10001557_p_1200_1.jpg,ZWG,1
"10001557",https://www.dohome.co.th/pub/media/catalog/product/1/0/10001557_p_1200_2.jpg,ZWG,2
"10001567",https://www.dohome.co.th/pub/media/catalog/product/1/0/10001567_p_1200_1.jpg,ZWG,1
"10001571",https://www.dohome.co.th/pub/media/catalog/product/1/0/10001571_p_1200_1.jpg,ZWG,1
"10001574",https://www.dohome.co.th/pub/media/catalog/product/1/0/10001574_b_1200_1.jpg,PL,1
"10001575",https://www.dohome.co.th/pub/media/catalog/product/1/0/10001575_s_1200_1.jpg,EA,1
"10001576",https://www.dohome.co.th/pub/media/catalog/product/1/0/10001576_p_1200_1.jpg,ZWG,1
"10001579",https://www.dohome.co.th/pub/media/catalog/product/1/0/10001579_p_1200_1.jpg,ZWG,1
"10001583",https://www.dohome.co.th/pub/media/catalog/product/1/0/10001583_p_1200_1.jpg,ZWG,1
"10001587",https://www.dohome.co.th/pub/media/catalog/product/1/0/10001587-zwg-1200-1.jpg,ZWG,1
"10001587",https://www.dohome.co.th/pub/media/catalog/product/1/0/10001587-zwg-1200-2.jpg,ZWG,2
"10001587",https://www.dohome.co.th/pub/media/catalog/product/1/0/10001587-zwg-1200-3.jpg,ZWG,3
"10001590",https://www.dohome.co.th/pub/media/catalog/product/1/0/10001590_p_1200_1.jpg,ZWG,1
"10001597",https://www.dohome.co.th/pub/media/catalog/product/1/0/10001597_ea_1200_1.jpg,ZWG,1
"10001597",https://www.dohome.co.th/pub/media/catalog/product/1/0/10001597_ea_1200_2.jpg,ZWG,2
"10001597",https://www.dohome.co.th/pub/media/catalog/product/1/0/10001597_ea_1200_3.jpg,ZWG,3
"10001598",https://www.dohome.co.th/pub/media/catalog/product/1/0/10001598_ea_1200_1.jpg,EA,1
"10001601",https://www.dohome.co.th/pub/media/catalog/product/1/0/10001601_ea_1200_1.jpg,ZWG,1
"10001601",https://www.dohome.co.th/pub/media/catalog/product/1/0/10001601_ea_1200_2.jpg,ZWG,2
"10001601",https://www.dohome.co.th/pub/media/catalog/product/1/0/10001601_ea_1200_1_1.jpg,ZWG,3
"10001601",https://www.dohome.co.th/pub/media/catalog/product/1/0/10001601_ea_1200_2_1.jpg,ZWG,4
"10001605",https://www.dohome.co.th/pub/media/catalog/product/1/0/10001605_ea_1200_1.jpg,ZWG,1
"10001605",https://www.dohome.co.th/pub/media/catalog/product/1/0/10001605_ea_1200_2.jpg,ZWG,2
"10001605",https://www.dohome.co.th/pub/media/catalog/product/1/0/10001605_ea_1200_3.jpg,ZWG,3
"10001608",https://www.dohome.co.th/pub/media/catalog/product/1/0/10001608_p_1200_1.jpg,ZWG,1
"10001608",https://www.dohome.co.th/pub/media/catalog/product/1/0/10001608_p_1200_2.jpg,ZWG,2
"10001608",https://www.dohome.co.th/pub/media/catalog/product/1/0/10001608_p_1200_3.jpg,ZWG,3
"10001611",https://www.dohome.co.th/pub/media/catalog/product/1/0/10001611_p_1200_2.jpg,ZWG,2
"10001611",https://www.dohome.co.th/pub/media/catalog/product/1/0/10001611_p_1200_3.jpg,ZWG,3
"10001619",https://www.dohome.co.th/pub/media/catalog/product/1/0/10001619_p5_p1.jpg,P5,1
"10001619",https://www.dohome.co.th/pub/media/catalog/product/1/0/10001619_p5_p2.jpg,P5,2
"10001619",https://www.dohome.co.th/pub/media/catalog/product/1/0/10001619_p5_p3.jpg,P5,3
"10001623",https://www.dohome.co.th/pub/media/catalog/product/1/0/10001623_p5_1200_1.jpg,P5,1
"10001623",https://www.dohome.co.th/pub/media/catalog/product/1/0/10001623_p5_1200_2.jpg,P5,2
"10001633",https://www.dohome.co.th/pub/media/catalog/product/1/0/10001633_p5_1200_1.jpg,P5,1
"10001639",https://www.dohome.co.th/pub/media/catalog/product/1/0/10001639_p5_1200_1.jpg,P5,1
"10001644",https://www.dohome.co.th/pub/media/catalog/product/1/0/10001644_p5_1200_1.jpg,P5,1
"10001645",https://www.dohome.co.th/pub/media/catalog/product/1/0/10001645_ea_1200_1_8.jpg,EA,8
"10001651",https://www.dohome.co.th/pub/media/catalog/product/1/0/10001651_ea_1200_1.jpg,EA,1
"10001654",https://www.dohome.co.th/pub/media/catalog/product/1/0/10001654_r_1200_2.jpg,ROL,1
"10001654",https://www.dohome.co.th/pub/media/catalog/product/1/0/10001654_r_1200_3.jpg,ROL,2
"10001654",https://www.dohome.co.th/pub/media/catalog/product/1/0/10001654_r_1200_1.jpg,ROL,3
"10001654",https://www.dohome.co.th/pub/media/catalog/product/1/0/10001654_r_1200_2_1.jpg,ROL,4
"10001654",https://www.dohome.co.th/pub/media/catalog/product/1/0/10001654_r_1200_3_1.jpg,ROL,5
"10001654",https://www.dohome.co.th/pub/media/catalog/product/1/0/10001654_r_1200_1_1.jpg,ROL,6
"10001657",https://www.dohome.co.th/pub/media/catalog/product/1/0/10001657_ea_1200_1.jpg,EA,1
"10001657",https://www.dohome.co.th/pub/media/catalog/product/1/0/10001657_ea_1200_2.jpg,EA,2
"10001669",https://www.dohome.co.th/pub/media/catalog/product/1/0/10001669_p_1200_1.jpg,B,1
"10001669",https://www.dohome.co.th/pub/media/catalog/product/1/0/10001669_p_1200_2.jpg,B,2
"10001669",https://www.dohome.co.th/pub/media/catalog/product/1/0/10001669_p_1200_3.jpg,B,3
"10001669",https://www.dohome.co.th/pub/media/catalog/product/1/0/10001669_p_1200_4.jpg,B,4
"10001671",https://www.dohome.co.th/pub/media/catalog/product/1/0/10001671_ea_1200_1.jpg,EA,1
"10001672",https://www.dohome.co.th/pub/media/catalog/product/1/0/10001672_s_1200_1.jpg,ZWF,1
"10001672",https://www.dohome.co.th/pub/media/catalog/product/1/0/10001672_s_1200_1_1.jpg,ZWF,2
"10001672",https://www.dohome.co.th/pub/media/catalog/product/1/0/10001672_s_1200_1_2.jpg,ZWF,3
"10001678",https://www.dohome.co.th/pub/media/catalog/product/1/0/10001678_can_1200_1.jpg,CAN,1
"10001679",https://www.dohome.co.th/pub/media/catalog/product/1/0/10001679_ea_1200_1.jpg,EA,1
"10001681",https://www.dohome.co.th/pub/media/catalog/product/1/0/10001681_p_1200_1.jpg,ZWG,1
"10001684",https://www.dohome.co.th/pub/media/catalog/product/1/0/10001684_gl_1200_1.jpg,GAL,1
"10001693",https://www.dohome.co.th/pub/media/catalog/product/1/0/10001693_p_1200_1.jpg,ZWG,1
"10001705",https://www.dohome.co.th/pub/media/catalog/product/1/0/10001705_s_1200_1.jpg,ZWF,1
"10001715",https://www.dohome.co.th/pub/media/catalog/product/1/0/10001715_gl_1200_1.jpg,GAL,1
"10001736",https://www.dohome.co.th/pub/media/catalog/product/1/0/10001736_lem_1200_1.jpg,ZWG,1
"10001736",https://www.dohome.co.th/pub/media/catalog/product/1/0/10001736_lem_1200_2.jpg,ZWG,2
"10001736",https://www.dohome.co.th/pub/media/catalog/product/1/0/10001736_lem_1200_3.jpg,ZWG,3
"10001737",https://www.dohome.co.th/pub/media/catalog/product/1/0/10001737_s_1200_1_2.jpg,ZWF,3
"10001737",https://www.dohome.co.th/pub/media/catalog/product/l/i/lis_100000052_10001737_qr.jpg,ZWF,4
"10001742",https://www.dohome.co.th/pub/media/catalog/product/1/0/10001742_p_1200_3.jpg,P10,1
"10001742",https://www.dohome.co.th/pub/media/catalog/product/1/0/10001742_p_1200_1.jpg,P10,2
"10001742",https://www.dohome.co.th/pub/media/catalog/product/1/0/10001742_p_1200_2.jpg,P10,3
"10001742",https://www.dohome.co.th/pub/media/catalog/product/1/0/10001742_p_1200_3_1.jpg,P10,4
"10001742",https://www.dohome.co.th/pub/media/catalog/product/1/0/10001742_p_1200_1_1.jpg,P10,5
"10001742",https://www.dohome.co.th/pub/media/catalog/product/1/0/10001742_p_1200_2_1.jpg,P10,6
"10001754",https://www.dohome.co.th/pub/media/catalog/product/1/0/10001754_bt_1200_1.jpg,BT,1
"10001763",https://www.dohome.co.th/pub/media/catalog/product/1/0/10001763_s_1200_1.jpg,ZWF,1
"10001763",https://www.dohome.co.th/pub/media/catalog/product/1/0/10001763_s_1200_1_1.jpg,ZWF,2
"10001805",https://www.dohome.co.th/pub/media/catalog/product/1/0/10001805_ea_1200_1.jpg,EA,1
"10001805",https://www.dohome.co.th/pub/media/catalog/product/1/0/10001805_ea_1200_2.jpg,EA,2
"10001829",https://www.dohome.co.th/pub/media/catalog/product/1/0/10001829_p_1200_1.jpg,ZWG,1
"10001829",https://www.dohome.co.th/pub/media/catalog/product/1/0/10001829_p_1200_2.jpg,ZWG,2
"10001843",https://www.dohome.co.th/pub/media/catalog/product/1/0/10001843_ea_1200_1_1.jpg,EA,1
"10001849",https://www.dohome.co.th/pub/media/catalog/product/1/0/10001849_s_1200_1.jpg,ZWF,1
"10001849",https://www.dohome.co.th/pub/media/catalog/product/1/0/10001849_s_1200_2.jpg,ZWF,2
"10001851",https://www.dohome.co.th/pub/media/catalog/product/1/0/10001851_p_1200_1.jpg,B,1
"10001862",https://www.dohome.co.th/pub/media/catalog/product/1/0/10001862_p_1200_1.jpg,ZWG,1
"10001862",https://www.dohome.co.th/pub/media/catalog/product/1/0/10001862_p_1200_2.jpg,ZWG,2
"10001875",https://www.dohome.co.th/pub/media/catalog/product/1/0/10001875_b_1200_1.jpg,B,1
"10001877",https://www.dohome.co.th/pub/media/catalog/product/1/0/10001877_bai_1200_1.jpg,BAI,1
"10001880",https://www.dohome.co.th/pub/media/catalog/product/1/0/10001880_gl_1200_1.jpg,CAN,1
"10001880",https://www.dohome.co.th/pub/media/catalog/product/1/0/10001880_gl_1200_1_1.jpg,CAN,2
"10001881",https://www.dohome.co.th/pub/media/catalog/product/1/0/10001881_p_1200_1.jpg,ZWG,1
"10001882",https://www.dohome.co.th/pub/media/catalog/product/1/0/10001882_gl_1200_1.jpg,CAN,1
"10001882",https://www.dohome.co.th/pub/media/catalog/product/1/0/10001882_gl_1200_1_1.jpg,CAN,2
"10001887",https://www.dohome.co.th/pub/media/catalog/product/1/0/10001887_gl_1200_1.jpg,CAN,1
"10001887",https://www.dohome.co.th/pub/media/catalog/product/1/0/10001887_gl_1200_1_1.jpg,CAN,2
"10001889",https://www.dohome.co.th/pub/media/catalog/product/1/0/10001889_can_1200_1_2.jpg,CAN,3
"10001890",https://www.dohome.co.th/pub/media/catalog/product/1/0/10001890_e1x_1200_1.jpg,EA,1
"10001890",https://www.dohome.co.th/pub/media/catalog/product/1/0/10001890_e1x_1200_2.jpg,EA,2
"10001893",https://www.dohome.co.th/pub/media/catalog/product/1/0/10001893_gl_1200_1.jpg,CAN,1
"10001895",https://www.dohome.co.th/pub/media/catalog/product/1/0/10001895_1200_1_1.jpg,GAL,2
"10001896",https://www.dohome.co.th/pub/media/catalog/product/1/0/10001896_ea_1200_1.jpg,EA,1
"10001896",https://www.dohome.co.th/pub/media/catalog/product/1/0/10001896_ea_1200_2.jpg,EA,2
"10001900",https://www.dohome.co.th/pub/media/catalog/product/1/0/10001900_gal_1200_1.jpg,GAL,1
"10001901",https://www.dohome.co.th/pub/media/catalog/product/1/0/10001901_gl_1200_1.jpg,GAL,1
"10001905",https://www.dohome.co.th/pub/media/catalog/product/1/0/10001905_s_1200_1_1.jpg,ZWF,5
"10001905",https://www.dohome.co.th/pub/media/catalog/product/1/0/10001905_s_1200_2_1.jpg,ZWF,6
"10001905",https://www.dohome.co.th/pub/media/catalog/product/1/0/10001905_s_1200_3_1.jpg,ZWF,7
"10001905",https://www.dohome.co.th/pub/media/catalog/product/1/0/10001905_s_1200_4_1.jpg,ZWF,8
"10001906",https://www.dohome.co.th/pub/media/catalog/product/1/0/10001906_gl_1200_1.jpg,GAL,1
"10001907",https://www.dohome.co.th/pub/media/catalog/product/1/0/10001907_gal_1200_1_1.jpg,GAL,2
"10001908",https://www.dohome.co.th/pub/media/catalog/product/1/0/10001908_p50_1200_1.jpg,E5X,1
"10001908",https://www.dohome.co.th/pub/media/catalog/product/1/0/10001908_p50_1200_2.jpg,E5X,2
"10001912",https://www.dohome.co.th/pub/media/catalog/product/1/0/10001912_gal_1200_1_1.jpg,GAL,2
"10001913",https://www.dohome.co.th/pub/media/catalog/product/1/0/10001913_zwg_p1.png,ZWG,1
"10001913",https://www.dohome.co.th/pub/media/catalog/product/1/0/10001913_zwg_p2.png,ZWG,2
"10001914",https://www.dohome.co.th/pub/media/catalog/product/1/0/10001914_gl_1200_1.jpg,GAL,1
"10001914",https://www.dohome.co.th/pub/media/catalog/product/1/0/10001914_gl_1200_2.jpg,GAL,2
"10001914",https://www.dohome.co.th/pub/media/catalog/product/1/0/10001914_gl_1200_3.jpg,GAL,3